Workbook

Sheet ASUS ROG Flow Z13 (2025) GZ302E
F1: § | G1: Input | H1: Description | L1: Note
F2: Identification
C3: Sections below are for calculation only—no data entry. DO NOT ALTER. | F3: 1.1 | G3: ASUS ROG Flow Z13 (2025) GZ302EA-XS96 | H3: Make/Model | L3: A.K.A. GZ302E - midrange model
F4: 1.2 | G4: Tablet | H4: Product Group | L4: * This may be marketed more as a gaming laptop, but it's the usual detachable keyboard / 2-in-1 design that we'd score as a tablet
C5: \/ \/ \/ \/ \/ | F5: 1.3 | G5: Yes | H5: Unique product identifier present on product exterior * | L5: "Model: GZ302E" and "GZ302EA-XS96" printed inside kickstand
F6: 1.4 | H6: * Partial credit: identifier present after minor disassembly | L6: e.g. On SIM tray or underneath pop-off back cover. No tools or the most basic tools only. IMEI numbers still don't count.
A8: Data | B8: Weight | C8: Calc | F8: Documentation (Service Manual)
A9: =if(G9="Yes",1,0) -> 1 | B9: Pass/Fail | F9: 2.1 | G9: Yes | H9: On OEM website / support site, or readily linked therefrom | L9: https://rog.asus.com/us/laptops/rog-flow/rog-flow-z13-2025/helpdesk_service_guide/
A10: =if(G10="Yes",1,0) -> 1 | B10: Pass/Fail | F10: 2.2 | G10: Yes | H10: Free, public | L10: Must not require registration for access—If registration/signup is required, mark this field "No."
A11: =if(G11="Yes",1,0) -> 1 | B11: 0.05 | C11: =A11*B11 -> 0.05 | F11: 2.3 | G11: Yes | H11: Includes tools list(s) | L11: "Screwdriver" is listed, but doesn't say what kind.
A12: =if(G12="Yes",1,0) -> 0 | B12: 0.05 | C12: =A12*B12 -> 0 | F12: 2.4 | G12: No | H12: Includes parts list w/part numbers (or clear compatibility) | L12: If no part numbers, compatibility must be obvious—e.g. if there’s only one Fairphone 4 and only one part named “Fairphone 4 display,” good enough. A direct link in the manual to the correct part's product page is also okay.
A13: =if(G13="Yes",1,0) -> 1 | B13: 0.05 | C13: =A13*B13 -> 0.05 | F13: 2.5 | G13: Yes | H13: Includes exploded diagram
A14: =if(G14="Yes",1,0) -> 0 | B14: 0.05 | C14: =A14*B14 -> 0 | F14: 2.6 | G14: No | H14: Includes schematics (board diagrams) | L14: There's a single connection diagram on p. 96—nothing helpful for board-level repair.
A15: =if(G15="Yes",1,0) -> 0 | B15: 0.05 | C15: =A15*B15 -> 0 | F15: 2.7 | G15: No | H15: Includes troubleshooting | L15: Refers reader to diagnostic tools on the Asus support site.
A16: =if(G16="Yes",if(hlookup($G$4,'Scored Components + Weights'!$1:$17,5,FALSE)>0,1,0),0) -> #REF! | B16: =IF(ISNUMBER(SEARCH("N/A",H16)),0,if(G16="N/A",0,(1-SUM($B$11:$B$15))/(((7-countif($G$16:$G$22,"N/A")))))) -> 0.125 | C16: =A16*B16 -> #REF! | F16: 2.8 | G16: Yes | H16: =concat("Includes repair guide for Scored Component 1 — ",$G$94) -> #REF! | L16: Videos okay. If missing, check in owner's manual before marking incomplete.
A17: =if(G17="Yes",if(hlookup($G$4,'Scored Components + Weights'!$1:$17,7,FALSE)>0,1,0),0) -> #REF! | B17: =IF(ISNUMBER(SEARCH("N/A",H17)),0,if(G17="N/A",0,(1-SUM($B$11:$B$15))/(((7-countif($G$16:$G$22,"N/A")))))) -> 0.125 | C17: =A17*B17 -> #REF! | F17: 2.8a | G17: Yes | H17: =concat(" ... for Scored Component 2 — ",$G$150) -> #REF! | L17: Be sure to enter "N/A" for any components that could not reasonably have a repair procedure, e.g. soldered RAM. Design choices are penalized elsewhere in the scorecard, not here.
A18: =if(G18="Yes",if(hlookup($G$4,'Scored Components + Weights'!$1:$17,9,FALSE)>0,1,0),0) -> 0 | B18: =IF(ISNUMBER(SEARCH("N/A",H18)),0,if(G18="N/A",0,(1-SUM($B$11:$B$15))/(((7-countif($G$16:$G$22,"N/A")))))) -> 0 | C18: =A18*B18 -> 0 | F18: 2.8b | G18: N/A | H18: =concat(" ... for Scored Component 3 — ",$G$206) -> #REF! | L18: In other words, we want to see the completest service manual that could reasonably exist for this device—not for an imaginary device. If the OEM makes a product that's not well designed for repair with an A+ repair manual, they get 100% credit here.
A19: =if(G19="Yes",if(hlookup($G$4,'Scored Components + Weights'!$1:$17,11,FALSE)>0,1,0),0) -> #REF! | B19: =IF(ISNUMBER(SEARCH("N/A",H19)),0,if(G19="N/A",0,(1-SUM($B$11:$B$15))/(((7-countif($G$16:$G$22,"N/A")))))) -> 0.125 | C19: =A19*B19 -> #REF! | F19: 2.8c | G19: Yes | H19: =concat(" ... for Scored Component 4 — ",$G$262) -> #REF!
A20: =if(G20="Yes",if(hlookup($G$4,'Scored Components + Weights'!$1:$17,13,FALSE)>0,1,0),0) -> #REF! | B20: =IF(ISNUMBER(SEARCH("N/A",H20)),0,if(G20="N/A",0,(1-SUM($B$11:$B$15))/(((7-countif($G$16:$G$22,"N/A")))))) -> 0.125 | C20: =A20*B20 -> #REF! | F20: 2.8d | G20: Yes | H20: =concat(" ... for Scored Component 5 — ",$G$318) -> #REF!
A21: =if(G21="Yes",if(hlookup($G$4,'Scored Components + Weights'!$1:$17,15,FALSE)>0,1,0),0) -> #REF! | B21: =IF(ISNUMBER(SEARCH("N/A",H21)),0,if(G21="N/A",0,(1-SUM($B$11:$B$15))/(((7-countif($G$16:$G$22,"N/A")))))) -> 0.125 | C21: =A21*B21 -> #REF! | F21: 2.8e | G21: Yes | H21: =concat(" ... for Scored Component 6 — ",$G$374) -> #REF!
A22: =if(G22="Yes",if(hlookup($G$4,'Scored Components + Weights'!$1:$17,17,FALSE)>0,1,0),0) -> 0 | B22: =IF(ISNUMBER(SEARCH("N/A",H22)),0,if(G22="N/A",0,(1-SUM($B$11:$B$15))/(((7-countif($G$16:$G$22,"N/A")))))) -> 0.125 | C22: =A22*B22 -> 0 | F22: 2.8f | G22: =IF(ISNUMBER(SEARCH("N/A",H22)), "N/A","") | H22: =concat(" ... for Scored Component 7 — ",$G$430) -> #REF!
A24: Subtotal | B24: =sum(B11:B22) -> 1 | C24: =sum(C11:C22) -> #REF! | F24: 2.11 | G24: =ifs(G5="","",G5="YES",if(A9+A10=2,C24,0),G6="YES",if(if(A9+A10=2,C24,0)>0.9,0.9,if(A9+A10=2,C24,0)),G5="NO",if(if(A9+A10=2,C24,0)>0.85,0.85,if(A9+A10=2,C24,0))) -> #REF! | H24: Documentation Subtotal | L24: Capped at 85% if unique product identifier is not present (§1.3), or 90% if only present after minor disassembly (§1.4).
F25: Replacement Parts
F26: 3.1 | G26: 2399.99 | H26: Retail price of this device (excluding tax/shipping) | L26: Seemingly no parts available unless you confirm a hardware problem using Asus' diagnostic tool and successfully APPLY for the right to purchase the specified component. https://www.asus.com/us/support/customer-self-repair/
F27: 3.2 | G27: Replacement part pricing / availability | L27: Googling turns up a whole separate site for spare parts, most of which are out of stock, but it appears this may be a legitimate authorized parts source. Unfortunately I can find no reference to it on the official support site, so as of now this does not qualify for scoring: https://partshop.asus.com/us/
A28: Ratio of Part Price / MSRP | B28: Weight | C28: Credit Awarded | D28: Weighted Total | G28: Price | H28: Part | J28: Standard Part (or N/A) | K28: Not For Sale | L28: Checking "Standard Part (or N/A)" indicates the device either uses a widely available off-the-shelf or commodity part like a AA battery, m.2 SSD, etc., or else has eliminated the scored component from the design (e.g. a fanless laptop). This awards full credit automagically and "Price" is not required (and will be ignored). Checking "Not For Sale" indicates a custom or proprietary part that is not readily available for sale from the OEM or authorized 3rd party at the time of the assessment. This incurs a penalty. Note: If a component is only available as part of a larger assembly, enter the price of the assembly rather than marking the part "not for sale." (e.g. if RAM or storage is soldered to the motherboard, enter the price of the entire motherboard.) This includes soldered LPDDR. If a component is truly not applicable—for example, a fanless laptop design where there is no fan to ever fail or need replacing—check "Standard Part" for automatic full credit.
A29: =G29/G$26 -> 0.26951362 | B29: =HLOOKUP(G4,'Scored Components + Weights'!C1:V17,5,FALSE) -> #REF! | C29: =if(J29=TRUE,1,if(K29=TRUE,0,if(G29="",0,if(A29<0.2501,1,if(A29>1,0,0.2))))) -> 0 | D29: =B29*C29 -> #REF! | F29: 3.2a | G29: 646.83 | H29: =concat(" Scored Component 1 — ",$G$94) -> #REF! | J29: FALSE | K29: TRUE | L29: =if(J29=TRUE,if(K29=TRUE,"ERROR! You can't check both boxes. A standard part by definition is always for sale. Note, it does NOT need to be for sale from the OEM—standard parts like RAM sticks or M.2 SSDs are already available at many retailers.",""),"")
A30: =G30/G$26 -> 0.058421077 | B30: =HLOOKUP(G4,'Scored Components + Weights'!C1:V17,7,FALSE) -> #REF! | C30: =if(J30=TRUE,1,if(K30=TRUE,0,if(G30="",0,if(A30<0.2501,1,if(A30>1,0,0.2))))) -> 0 | D30: =B30*C30 -> #REF! | F30: 3.2b | G30: 140.21 | H30: =concat(" Scored Component 2 — ",$G$150) -> #REF! | J30: FALSE | K30: TRUE | L30: =if(J30=TRUE,if(K30=TRUE,"ERROR! You can't check both boxes. A standard part by definition is always for sale. Note, it does NOT need to be for sale from the OEM—standard parts like RAM sticks or M.2 SSDs are already available at many retailers.",""),"")
A31: =G31/G$26 -> 1.0009875 | B31: =HLOOKUP(G4,'Scored Components + Weights'!C1:V17,9,FALSE) -> #REF! | C31: =if(J31=TRUE,1,if(K31=TRUE,0,if(G31="",0,if(A31<0.2501,1,if(A31>1,0,0.2))))) -> 0 | D31: =B31*C31 -> #REF! | F31: 3.2c | G31: 2402.36 | H31: =concat(" Scored Component 3 — ",$G$206) -> #REF! | J31: FALSE | K31: TRUE | L31: =if(J31=TRUE,if(K31=TRUE,"ERROR! You can't check both boxes. A standard part by definition is always for sale. Note, it does NOT need to be for sale from the OEM—standard parts like RAM sticks or M.2 SSDs are already available at many retailers.",""),"")
A32: =G32/G$26 -> 0.014237559 | B32: =HLOOKUP(G4,'Scored Components + Weights'!C1:V17,11,FALSE) -> #REF! | C32: =if(J32=TRUE,1,if(K32=TRUE,0,if(G32="",0,if(A32<0.2501,1,if(A32>1,0,0.2))))) -> 0 | D32: =B32*C32 -> #REF! | F32: 3.2d | G32: 34.17 | H32: =concat(" Scored Component 4 — ",$G$262) -> #REF! | J32: FALSE | K32: TRUE | L32: =if(J32=TRUE,if(K32=TRUE,"ERROR! You can't check both boxes. A standard part by definition is always for sale. Note, it does NOT need to be for sale from the OEM—standard parts like RAM sticks or M.2 SSDs are already available at many retailers.",""),"")
A33: =G33/G$26 -> 0.014237559 | B33: =HLOOKUP(G4,'Scored Components + Weights'!C1:V17,13,FALSE) -> #REF! | C33: =if(J33=TRUE,1,if(K33=TRUE,0,if(G33="",0,if(A33<0.2501,1,if(A33>1,0,0.2))))) -> 0 | D33: =B33*C33 -> #REF! | F33: 3.2e | G33: 34.17 | H33: =concat(" Scored Component 5 — ",$G$318) -> #REF! | J33: FALSE | K33: TRUE | L33: =if(J33=TRUE,if(K33=TRUE,"ERROR! You can't check both boxes. A standard part by definition is always for sale. Note, it does NOT need to be for sale from the OEM—standard parts like RAM sticks or M.2 SSDs are already available at many retailers.",""),"")
A34: =G34/G$26 -> 0 | B34: =HLOOKUP(G4,'Scored Components + Weights'!C1:V17,15,FALSE) -> #REF! | C34: =if(J34=TRUE,1,if(K34=TRUE,0,if(G34="",0,if(A34<0.2501,1,if(A34>1,0,0.2))))) -> 1 | D34: =B34*C34 -> #REF! | F34: 3.2f | H34: =concat(" Scored Component 6 — ",$G$374) -> #REF! | J34: TRUE | K34: FALSE | L34: M.2 SSD
A35: =G35/G$26 -> 0 | B35: =HLOOKUP(G4,'Scored Components + Weights'!C1:V17,17,FALSE) -> #REF! | C35: =if(J35=TRUE,1,if(K35=TRUE,0,if(G35="",0,if(A35<0.2501,1,if(A35>1,0,0.2))))) -> 0 | D35: =B35*C35 -> #REF! | F35: 3.2g | H35: =concat(" Scored Component 7 — ",$G$430) -> #REF! | J35: FALSE | K35: TRUE | L35: =if(J35=TRUE,if(K35=TRUE,"ERROR! You can't check both boxes. A standard part by definition is always for sale. Note, it does NOT need to be for sale from the OEM—standard parts like RAM sticks or M.2 SSDs are already available at many retailers.",""),"")
F37: 3.5 | G37: =ifs(G5="","",G5="YES",SUM(D29:D35),G6="YES",if(sum(D29:D35)>0.9,0.9,sum(D29:D35)),G5="NO",if(sum(D29:D35)>0.85,0.85,SUM(D29:D35))) -> #REF! | H37: Parts Subtotal | L37: Capped at 85% if unique product identifier is not present (§1.3), or 90% if only present after minor disassembly (§1.4).
F38: Tools
G39: Tool Utilized | I39: Tool Score | J39: Used in [X] Procedures | K39: Total Number of Uses | L39: Tools criterion is primarily about availability, including cost and convenience of access. In all cases the technician should default to basic (Class A) tools, using more expensive/specialized tools only when necessary.
F40: 4.1 | G40: =IFERROR(__xludf.DUMMYFUNCTION("unique(filter(flatten(G98:G147,G154:G203,G210:G259,G266:G315,G322:G371,G378:G427,G434:G483),flatten(G98:G147,G154:G203,G210:G259,G266:G315,G322:G371,G378:G427,G434:G483)<>""""))"),"Hand") -> Hand | I40: =if(G40="","",vlookup(G40,Tools!$A$8:$E$177,5)) -> #REF! | J40: =IF(G40="","",(IF(COUNTIF(G$98:G$147,G40)>0,1,0)+IF(COUNTIF(G$154:G$203,G40)>0,1,0)+IF(COUNTIF(G$210:G$259,G40)>0,1,0)+IF(COUNTIF(G$266:G$315,G40)>0,1,0)+IF(COUNTIF(G$322:G$371,G40)>0,1,0)+IF(COUNTIF(G$378:G$427,G40)>0,1,0)+IF(COUNTIF(G$434:G$483,G40)>0,1,0))) -> 5 | K40: =IF(G40="","",(COUNTIF(G$98:G$147,G40)+COUNTIF(G$154:G$203,G40)+COUNTIF(G$210:G$259,G40)+COUNTIF(G$266:G$315,G40)+COUNTIF(G$322:G$371,G40)+COUNTIF(G$378:G$427,G40)+COUNTIF(G$434:G$483,G40))) -> 26 | L40: This list auto-populates based on tool entries in Disassembly + Reassembly Actions, below.
F41: 4.1 | G41: =IFERROR(__xludf.DUMMYFUNCTION("""COMPUTED_VALUE"""),"Screwdriver: Torx T5") -> Screwdriver: Torx T5 | I41: =if(G41="","",vlookup(G41,Tools!$A$8:$E$177,5)) -> #REF! | J41: =IF(G41="","",(IF(COUNTIF(G$98:G$147,G41)>0,1,0)+IF(COUNTIF(G$154:G$203,G41)>0,1,0)+IF(COUNTIF(G$210:G$259,G41)>0,1,0)+IF(COUNTIF(G$266:G$315,G41)>0,1,0)+IF(COUNTIF(G$322:G$371,G41)>0,1,0)+IF(COUNTIF(G$378:G$427,G41)>0,1,0)+IF(COUNTIF(G$434:G$483,G41)>0,1,0))) -> 5 | K41: =IF(G41="","",(COUNTIF(G$98:G$147,G41)+COUNTIF(G$154:G$203,G41)+COUNTIF(G$210:G$259,G41)+COUNTIF(G$266:G$315,G41)+COUNTIF(G$322:G$371,G41)+COUNTIF(G$378:G$427,G41)+COUNTIF(G$434:G$483,G41))) -> 5
F42: 4.1 | G42: =IFERROR(__xludf.DUMMYFUNCTION("""COMPUTED_VALUE"""),"Combo: Pick + Suction") -> Combo: Pick + Suction | I42: =if(G42="","",vlookup(G42,Tools!$A$8:$E$177,5)) -> #REF! | J42: =IF(G42="","",(IF(COUNTIF(G$98:G$147,G42)>0,1,0)+IF(COUNTIF(G$154:G$203,G42)>0,1,0)+IF(COUNTIF(G$210:G$259,G42)>0,1,0)+IF(COUNTIF(G$266:G$315,G42)>0,1,0)+IF(COUNTIF(G$322:G$371,G42)>0,1,0)+IF(COUNTIF(G$378:G$427,G42)>0,1,0)+IF(COUNTIF(G$434:G$483,G42)>0,1,0))) -> 4 | K42: =IF(G42="","",(COUNTIF(G$98:G$147,G42)+COUNTIF(G$154:G$203,G42)+COUNTIF(G$210:G$259,G42)+COUNTIF(G$266:G$315,G42)+COUNTIF(G$322:G$371,G42)+COUNTIF(G$378:G$427,G42)+COUNTIF(G$434:G$483,G42))) -> 4
F43: 4.1 | G43: =IFERROR(__xludf.DUMMYFUNCTION("""COMPUTED_VALUE"""),"Tweezers") -> Tweezers | I43: =if(G43="","",vlookup(G43,Tools!$A$8:$E$177,5)) -> #REF! | J43: =IF(G43="","",(IF(COUNTIF(G$98:G$147,G43)>0,1,0)+IF(COUNTIF(G$154:G$203,G43)>0,1,0)+IF(COUNTIF(G$210:G$259,G43)>0,1,0)+IF(COUNTIF(G$266:G$315,G43)>0,1,0)+IF(COUNTIF(G$322:G$371,G43)>0,1,0)+IF(COUNTIF(G$378:G$427,G43)>0,1,0)+IF(COUNTIF(G$434:G$483,G43)>0,1,0))) -> 5 | K43: =IF(G43="","",(COUNTIF(G$98:G$147,G43)+COUNTIF(G$154:G$203,G43)+COUNTIF(G$210:G$259,G43)+COUNTIF(G$266:G$315,G43)+COUNTIF(G$322:G$371,G43)+COUNTIF(G$378:G$427,G43)+COUNTIF(G$434:G$483,G43))) -> 28
F44: 4.1 | G44: =IFERROR(__xludf.DUMMYFUNCTION("""COMPUTED_VALUE"""),"Screwdriver: Phillips 0") -> Screwdriver: Phillips 0 | I44: =if(G44="","",vlookup(G44,Tools!$A$8:$E$177,5)) -> #REF! | J44: =IF(G44="","",(IF(COUNTIF(G$98:G$147,G44)>0,1,0)+IF(COUNTIF(G$154:G$203,G44)>0,1,0)+IF(COUNTIF(G$210:G$259,G44)>0,1,0)+IF(COUNTIF(G$266:G$315,G44)>0,1,0)+IF(COUNTIF(G$322:G$371,G44)>0,1,0)+IF(COUNTIF(G$378:G$427,G44)>0,1,0)+IF(COUNTIF(G$434:G$483,G44)>0,1,0))) -> 3 | K44: =IF(G44="","",(COUNTIF(G$98:G$147,G44)+COUNTIF(G$154:G$203,G44)+COUNTIF(G$210:G$259,G44)+COUNTIF(G$266:G$315,G44)+COUNTIF(G$322:G$371,G44)+COUNTIF(G$378:G$427,G44)+COUNTIF(G$434:G$483,G44))) -> 3
F45: 4.1 | G45: =IFERROR(__xludf.DUMMYFUNCTION("""COMPUTED_VALUE"""),"Spudger") -> Spudger | I45: =if(G45="","",vlookup(G45,Tools!$A$8:$E$177,5)) -> #REF! | J45: =IF(G45="","",(IF(COUNTIF(G$98:G$147,G45)>0,1,0)+IF(COUNTIF(G$154:G$203,G45)>0,1,0)+IF(COUNTIF(G$210:G$259,G45)>0,1,0)+IF(COUNTIF(G$266:G$315,G45)>0,1,0)+IF(COUNTIF(G$322:G$371,G45)>0,1,0)+IF(COUNTIF(G$378:G$427,G45)>0,1,0)+IF(COUNTIF(G$434:G$483,G45)>0,1,0))) -> 1 | K45: =IF(G45="","",(COUNTIF(G$98:G$147,G45)+COUNTIF(G$154:G$203,G45)+COUNTIF(G$210:G$259,G45)+COUNTIF(G$266:G$315,G45)+COUNTIF(G$322:G$371,G45)+COUNTIF(G$378:G$427,G45)+COUNTIF(G$434:G$483,G45))) -> 3
F46: 4.1 | I46: =if(G46="","",vlookup(G46,Tools!$A$8:$E$177,5)) | J46: =IF(G46="","",(IF(COUNTIF(G$98:G$147,G46)>0,1,0)+IF(COUNTIF(G$154:G$203,G46)>0,1,0)+IF(COUNTIF(G$210:G$259,G46)>0,1,0)+IF(COUNTIF(G$266:G$315,G46)>0,1,0)+IF(COUNTIF(G$322:G$371,G46)>0,1,0)+IF(COUNTIF(G$378:G$427,G46)>0,1,0)+IF(COUNTIF(G$434:G$483,G46)>0,1,0))) | K46: =IF(G46="","",(COUNTIF(G$98:G$147,G46)+COUNTIF(G$154:G$203,G46)+COUNTIF(G$210:G$259,G46)+COUNTIF(G$266:G$315,G46)+COUNTIF(G$322:G$371,G46)+COUNTIF(G$378:G$427,G46)+COUNTIF(G$434:G$483,G46)))
F47: 4.1 | I47: =if(G47="","",vlookup(G47,Tools!$A$8:$E$177,5)) | J47: =IF(G47="","",(IF(COUNTIF(G$98:G$147,G47)>0,1,0)+IF(COUNTIF(G$154:G$203,G47)>0,1,0)+IF(COUNTIF(G$210:G$259,G47)>0,1,0)+IF(COUNTIF(G$266:G$315,G47)>0,1,0)+IF(COUNTIF(G$322:G$371,G47)>0,1,0)+IF(COUNTIF(G$378:G$427,G47)>0,1,0)+IF(COUNTIF(G$434:G$483,G47)>0,1,0))) | K47: =IF(G47="","",(COUNTIF(G$98:G$147,G47)+COUNTIF(G$154:G$203,G47)+COUNTIF(G$210:G$259,G47)+COUNTIF(G$266:G$315,G47)+COUNTIF(G$322:G$371,G47)+COUNTIF(G$378:G$427,G47)+COUNTIF(G$434:G$483,G47)))
F48: 4.1 | I48: =if(G48="","",vlookup(G48,Tools!$A$8:$E$177,5)) | J48: =IF(G48="","",(IF(COUNTIF(G$98:G$147,G48)>0,1,0)+IF(COUNTIF(G$154:G$203,G48)>0,1,0)+IF(COUNTIF(G$210:G$259,G48)>0,1,0)+IF(COUNTIF(G$266:G$315,G48)>0,1,0)+IF(COUNTIF(G$322:G$371,G48)>0,1,0)+IF(COUNTIF(G$378:G$427,G48)>0,1,0)+IF(COUNTIF(G$434:G$483,G48)>0,1,0))) | K48: =IF(G48="","",(COUNTIF(G$98:G$147,G48)+COUNTIF(G$154:G$203,G48)+COUNTIF(G$210:G$259,G48)+COUNTIF(G$266:G$315,G48)+COUNTIF(G$322:G$371,G48)+COUNTIF(G$378:G$427,G48)+COUNTIF(G$434:G$483,G48)))
F49: 4.1 | I49: =if(G49="","",vlookup(G49,Tools!$A$8:$E$177,5)) | J49: =IF(G49="","",(IF(COUNTIF(G$98:G$147,G49)>0,1,0)+IF(COUNTIF(G$154:G$203,G49)>0,1,0)+IF(COUNTIF(G$210:G$259,G49)>0,1,0)+IF(COUNTIF(G$266:G$315,G49)>0,1,0)+IF(COUNTIF(G$322:G$371,G49)>0,1,0)+IF(COUNTIF(G$378:G$427,G49)>0,1,0)+IF(COUNTIF(G$434:G$483,G49)>0,1,0))) | K49: =IF(G49="","",(COUNTIF(G$98:G$147,G49)+COUNTIF(G$154:G$203,G49)+COUNTIF(G$210:G$259,G49)+COUNTIF(G$266:G$315,G49)+COUNTIF(G$322:G$371,G49)+COUNTIF(G$378:G$427,G49)+COUNTIF(G$434:G$483,G49)))
F50: 4.1 | I50: =if(G50="","",vlookup(G50,Tools!$A$8:$E$177,5)) | J50: =IF(G50="","",(IF(COUNTIF(G$98:G$147,G50)>0,1,0)+IF(COUNTIF(G$154:G$203,G50)>0,1,0)+IF(COUNTIF(G$210:G$259,G50)>0,1,0)+IF(COUNTIF(G$266:G$315,G50)>0,1,0)+IF(COUNTIF(G$322:G$371,G50)>0,1,0)+IF(COUNTIF(G$378:G$427,G50)>0,1,0)+IF(COUNTIF(G$434:G$483,G50)>0,1,0))) | K50: =IF(G50="","",(COUNTIF(G$98:G$147,G50)+COUNTIF(G$154:G$203,G50)+COUNTIF(G$210:G$259,G50)+COUNTIF(G$266:G$315,G50)+COUNTIF(G$322:G$371,G50)+COUNTIF(G$378:G$427,G50)+COUNTIF(G$434:G$483,G50)))
F51: 4.1 | I51: =if(G51="","",vlookup(G51,Tools!$A$8:$E$177,5)) | J51: =IF(G51="","",(IF(COUNTIF(G$98:G$147,G51)>0,1,0)+IF(COUNTIF(G$154:G$203,G51)>0,1,0)+IF(COUNTIF(G$210:G$259,G51)>0,1,0)+IF(COUNTIF(G$266:G$315,G51)>0,1,0)+IF(COUNTIF(G$322:G$371,G51)>0,1,0)+IF(COUNTIF(G$378:G$427,G51)>0,1,0)+IF(COUNTIF(G$434:G$483,G51)>0,1,0))) | K51: =IF(G51="","",(COUNTIF(G$98:G$147,G51)+COUNTIF(G$154:G$203,G51)+COUNTIF(G$210:G$259,G51)+COUNTIF(G$266:G$315,G51)+COUNTIF(G$322:G$371,G51)+COUNTIF(G$378:G$427,G51)+COUNTIF(G$434:G$483,G51)))
F52: 4.1 | I52: =if(G52="","",vlookup(G52,Tools!$A$8:$E$177,5)) | J52: =IF(G52="","",(IF(COUNTIF(G$98:G$147,G52)>0,1,0)+IF(COUNTIF(G$154:G$203,G52)>0,1,0)+IF(COUNTIF(G$210:G$259,G52)>0,1,0)+IF(COUNTIF(G$266:G$315,G52)>0,1,0)+IF(COUNTIF(G$322:G$371,G52)>0,1,0)+IF(COUNTIF(G$378:G$427,G52)>0,1,0)+IF(COUNTIF(G$434:G$483,G52)>0,1,0))) | K52: =IF(G52="","",(COUNTIF(G$98:G$147,G52)+COUNTIF(G$154:G$203,G52)+COUNTIF(G$210:G$259,G52)+COUNTIF(G$266:G$315,G52)+COUNTIF(G$322:G$371,G52)+COUNTIF(G$378:G$427,G52)+COUNTIF(G$434:G$483,G52)))
F53: 4.1 | I53: =if(G53="","",vlookup(G53,Tools!$A$8:$E$177,5)) | J53: =IF(G53="","",(IF(COUNTIF(G$98:G$147,G53)>0,1,0)+IF(COUNTIF(G$154:G$203,G53)>0,1,0)+IF(COUNTIF(G$210:G$259,G53)>0,1,0)+IF(COUNTIF(G$266:G$315,G53)>0,1,0)+IF(COUNTIF(G$322:G$371,G53)>0,1,0)+IF(COUNTIF(G$378:G$427,G53)>0,1,0)+IF(COUNTIF(G$434:G$483,G53)>0,1,0))) | K53: =IF(G53="","",(COUNTIF(G$98:G$147,G53)+COUNTIF(G$154:G$203,G53)+COUNTIF(G$210:G$259,G53)+COUNTIF(G$266:G$315,G53)+COUNTIF(G$322:G$371,G53)+COUNTIF(G$378:G$427,G53)+COUNTIF(G$434:G$483,G53)))
F54: 4.1 | I54: =if(G54="","",vlookup(G54,Tools!$A$8:$E$177,5)) | J54: =IF(G54="","",(IF(COUNTIF(G$98:G$147,G54)>0,1,0)+IF(COUNTIF(G$154:G$203,G54)>0,1,0)+IF(COUNTIF(G$210:G$259,G54)>0,1,0)+IF(COUNTIF(G$266:G$315,G54)>0,1,0)+IF(COUNTIF(G$322:G$371,G54)>0,1,0)+IF(COUNTIF(G$378:G$427,G54)>0,1,0)+IF(COUNTIF(G$434:G$483,G54)>0,1,0))) | K54: =IF(G54="","",(COUNTIF(G$98:G$147,G54)+COUNTIF(G$154:G$203,G54)+COUNTIF(G$210:G$259,G54)+COUNTIF(G$266:G$315,G54)+COUNTIF(G$322:G$371,G54)+COUNTIF(G$378:G$427,G54)+COUNTIF(G$434:G$483,G54)))
F55: 4.1 | I55: =if(G55="","",vlookup(G55,Tools!$A$8:$E$177,5)) | J55: =IF(G55="","",(IF(COUNTIF(G$98:G$147,G55)>0,1,0)+IF(COUNTIF(G$154:G$203,G55)>0,1,0)+IF(COUNTIF(G$210:G$259,G55)>0,1,0)+IF(COUNTIF(G$266:G$315,G55)>0,1,0)+IF(COUNTIF(G$322:G$371,G55)>0,1,0)+IF(COUNTIF(G$378:G$427,G55)>0,1,0)+IF(COUNTIF(G$434:G$483,G55)>0,1,0))) | K55: =IF(G55="","",(COUNTIF(G$98:G$147,G55)+COUNTIF(G$154:G$203,G55)+COUNTIF(G$210:G$259,G55)+COUNTIF(G$266:G$315,G55)+COUNTIF(G$322:G$371,G55)+COUNTIF(G$378:G$427,G55)+COUNTIF(G$434:G$483,G55)))
F56: 4.1 | I56: =if(G56="","",vlookup(G56,Tools!$A$8:$E$177,5)) | J56: =IF(G56="","",(IF(COUNTIF(G$98:G$147,G56)>0,1,0)+IF(COUNTIF(G$154:G$203,G56)>0,1,0)+IF(COUNTIF(G$210:G$259,G56)>0,1,0)+IF(COUNTIF(G$266:G$315,G56)>0,1,0)+IF(COUNTIF(G$322:G$371,G56)>0,1,0)+IF(COUNTIF(G$378:G$427,G56)>0,1,0)+IF(COUNTIF(G$434:G$483,G56)>0,1,0))) | K56: =IF(G56="","",(COUNTIF(G$98:G$147,G56)+COUNTIF(G$154:G$203,G56)+COUNTIF(G$210:G$259,G56)+COUNTIF(G$266:G$315,G56)+COUNTIF(G$322:G$371,G56)+COUNTIF(G$378:G$427,G56)+COUNTIF(G$434:G$483,G56)))
F57: 4.1 | I57: =if(G57="","",vlookup(G57,Tools!$A$8:$E$177,5)) | J57: =IF(G57="","",(IF(COUNTIF(G$98:G$147,G57)>0,1,0)+IF(COUNTIF(G$154:G$203,G57)>0,1,0)+IF(COUNTIF(G$210:G$259,G57)>0,1,0)+IF(COUNTIF(G$266:G$315,G57)>0,1,0)+IF(COUNTIF(G$322:G$371,G57)>0,1,0)+IF(COUNTIF(G$378:G$427,G57)>0,1,0)+IF(COUNTIF(G$434:G$483,G57)>0,1,0))) | K57: =IF(G57="","",(COUNTIF(G$98:G$147,G57)+COUNTIF(G$154:G$203,G57)+COUNTIF(G$210:G$259,G57)+COUNTIF(G$266:G$315,G57)+COUNTIF(G$322:G$371,G57)+COUNTIF(G$378:G$427,G57)+COUNTIF(G$434:G$483,G57)))
... F77: 4.1 | I77: =if(G77="","",vlookup(G77,Tools!$A$8:$E$177,5)) | J77: =IF(G77="","",(IF(COUNTIF(G$98:G$147,G77)>0,1,0)+IF(COUNTIF(G$154:G$203,G77)>0,1,0)+IF(COUNTIF(G$210:G$259,G77)>0,1,0)+IF(COUNTIF(G$266:G$315,G77)>0,1,0)+IF(COUNTIF(G$322:G$371,G77)>0,1,0)+IF(COUNTIF(G$378:G$427,G77)>0,1,0)+IF(COUNTIF(G$434:G$483,G77)>0,1,0))) | K77: =IF(G77="","",(COUNTIF(G$98:G$147,G77)+COUNTIF(G$154:G$203,G77)+COUNTIF(G$210:G$259,G77)+COUNTIF(G$266:G$315,G77)+COUNTIF(G$322:G$371,G77)+COUNTIF(G$378:G$427,G77)+COUNTIF(G$434:G$483,G77)))
L78: Note: Tools Subtotal is for reference only. Individual tool scores are incorporated into each procedure.
F79: 4.2 | G79: =sum(I40:K77) -> #REF! | H79: Tools Subtotal
F80: Parts Pairing
A81: Result | B81: Add'l Penalty | C81: Warning Penalty | D81: Other | G81: Component | I81: Result After Motherboard Swap | K81: Includes Warning | L81: All parts swaps are tested simultaneously, via a motherboard swap from an identical device. We test only OEM parts, not aftermarket. Note: We'll revise scores upward if we confirm that a previously known pairing has been resolved by the OEM via software update.
A82: =ifs(I82="",1,I82="Part Fully Functional (Yay!)",1,I82="Part Partially Functional (Huh?)",0.5,I82="Part Nonfunctional (Argh)",0,I82="Device Nonfunctional (Noooo!)",0) -> 1 | B82: =if(I82="Device Nonfunctional (Noooo!)",-0.5,"") | C82: =if(K82=TRUE,0.75,1) -> 1 | F82: 6.1 | G82: =concat(" Priority Part 1 — ",G94) -> #REF! | K82: FALSE | L82: Part Fully Functional: No scoring impact. This is a normal repair.
A83: =ifs(I83="",1,I83="Part Fully Functional (Yay!)",1,I83="Part Partially Functional (Huh?)",0.5,I83="Part Nonfunctional (Argh)",0,I83="Device Nonfunctional (Noooo!)",0) -> 1 | B83: =if(I83="Device Nonfunctional (Noooo!)",-0.5,"") | C83: =if(K83=TRUE,0.75,1) -> 1 | F83: 6.2 | G83: =concat(" Priority Part 2 — ",G150) -> #REF! | K83: FALSE | L83: Part Partially Functional: -50% penalty applied to any points otherwise awarded for this repair.
A84: =ifs(I84="",1,I84="Part Fully Functional (Yay!)",1,I84="Part Partially Functional (Huh?)",0.5,I84="Part Nonfunctional (Argh)",0,I84="Device Nonfunctional (Noooo!)",0) -> 1 | B84: =if(I84="Device Nonfunctional (Noooo!)",-0.5,"") | C84: =if(K84=TRUE,0.75,1) -> 1 | F84: 6.3 | G84: =concat(" Priority Part 3 — ",G206) -> #REF! | K84: FALSE | L84: Part Nonfunctional: All points removed for this repair. This is the same as non-repairable.
A85: =ifs(I85="",1,I85="Part Fully Functional (Yay!)",1,I85="Part Partially Functional (Huh?)",0.5,I85="Part Nonfunctional (Argh)",0,I85="Device Nonfunctional (Noooo!)",0) -> 1 | B85: =if(I85="Device Nonfunctional (Noooo!)",-0.5,"") | C85: =if(K85=TRUE,0.75,1) -> 1 | F85: 6.4 | G85: =concat(" Priority Part 4 — ",G262) -> #REF! | K85: FALSE | L85: Device Nonfunctional: No points for this repair, and additional half point penalty applied to the entire score.
A86: =ifs(I86="",1,I86="Part Fully Functional (Yay!)",1,I86="Part Partially Functional (Huh?)",0.5,I86="Part Nonfunctional (Argh)",0,I86="Device Nonfunctional (Noooo!)",0) -> 1 | B86: =if(I86="Device Nonfunctional (Noooo!)",-0.5,"") | C86: =if(K86=TRUE,0.75,1) -> 1 | F86: 6.5 | G86: =concat(" Priority Part 5 — ",G318) -> #REF! | K86: FALSE | L86: Includes Warning: -25% penalty applied to this repair, in addition to any penalties applied above.
A87: =ifs(I87="",1,I87="Part Fully Functional (Yay!)",1,I87="Part Partially Functional (Huh?)",0.5,I87="Part Nonfunctional (Argh)",0,I87="Device Nonfunctional (Noooo!)",0) -> 1 | B87: =if(I87="Device Nonfunctional (Noooo!)",-0.5,"") | C87: =if(K87=TRUE,0.75,1) -> 1 | F87: 6.6 | G87: =concat(" Priority Part 6 — ",G374) -> #REF! | K87: FALSE
A88: =ifs(I88="",1,I88="Part Fully Functional (Yay!)",1,I88="Part Partially Functional (Huh?)",0.5,I88="Part Nonfunctional (Argh)",0,I88="Device Nonfunctional (Noooo!)",0) -> 1 | B88: =if(I88="Device Nonfunctional (Noooo!)",-0.5,"") | C88: =if(K88=TRUE,0.75,1) -> 1 | F88: 6.7 | G88: =concat(" Priority Part 7 — ",G430) -> #REF! | K88: FALSE
A89: =ifs(I89="",1,I89="Part Fully Functional (Yay!)",1,I89="Part Partially Functional (Huh?)",0.5,I89="Part Nonfunctional (Argh)",0,I89="Device Nonfunctional (Noooo!)",0) -> 1 | B89: =if(I89="Device Nonfunctional (Noooo!)",-0.5,"") | C89: =if(K89=TRUE,0.75,1) -> 1 | D89: =-2+A89+C89+B89 -> 0 | F89: 6.8 | G89: Biometrics (if applicable)—fingerprint reader, Face ID, etc. | K89: FALSE | L89: Separate global penalty—see §10.0
A90: =ifs(I90="",1,I90="Part Fully Functional (Yay!)",1,I90="Part Partially Functional (Huh?)",0.5,I90="Part Nonfunctional (Argh)",0,I90="Device Nonfunctional (Noooo!)",0) -> 1 | B90: =if(I90="Device Nonfunctional (Noooo!)",-0.5,"") | C90: =if(K90=TRUE,0.75,1) -> 1 | D90: =-2+A90+C90+B90 -> 0 | F90: 6.9 | G90: Other? (if applicable) | K90: FALSE | L90: Separate global penalty—see §10.0
F92: Design for Repair
F93: 9.1 | G93: Jeff S. | H93: Technician Name | L93: For each scored component below, list the tools + actions required for disassembly and removal, beginning with a complete device. If a nonstandard action is required, enter a description and manually record elapsed time in seconds for both disassembly and reassembly. Warning: Avoid leaving blank lines in the middle of actions lists. Every time there’s a tool change, the scorecard adds a little time penalty. It does this by comparing the tool on the current line vs. the line above. Blank lines at the bottom are fine, but a blank line mid-procedure creates extra tool “changes” that don’t exist, since a blank line won’t match the lines above or below.
F94: 9.2 | G94: =if(G4="","TBD",hlookup(G4,'Scored Components + Weights'!1:17,4,FALSE)) -> #REF! | L94: Scored Component 1, as defined on the Scored Components + Weights worksheet. (This field auto-populates based on the product group specified in §1.2 above.)
G95: FALSE | H95: Part not accessible | L95: Check this box if the part is physically impossible/impractical to access for DIY repair (e.g. requires board-level repair, microsoldering, etc.), or if the disassembly procedure is irreversibly destructive. This incurs a penalty.
G96: FALSE | H96: Repair not applicable for this device | L96: Check this box if the part is external (e.g. power brick instead of internal PSU) or otherwise not physically present in the device. In rare cases, repair may not apply for design/technology reasons. This incurs no penalty per se, but may reduce the elapsed time allowed for all repairs due to the presence of fewer scored components.
A97: Tool Score | B97: Tool Change | C97: Action Score (Standard) | D97: Action Score (Manual) | E97: Action Score × Tool Score | F97: 9.3 | G97: Tool | H97: Action | I97: QTY | J97: Manual Entry: Disassembly | K97: Manual Entry: Reassembly
A98: =if(G98="","",vlookup(G98,Tools!$A$8:$E$177,5,FALSE)) -> #REF! | B98: N/A | C98: =if(H98="","",vlookup(H98,'Actions + Proxy Times'!$A$3:$E$118,5,FALSE)*I98) -> #REF! | D98: =if(C98>0,"",sum(J98:K98)*I98) -> #REF! | E98: =if(C98>0,C98*A98,D98*A98) -> #REF! | F98: 9.4 | G98: Hand | H98: Grab & remove (or reposition) | I98: 1 | L98: Open kickstand
A99: =if(G99="","",vlookup(G99,Tools!$A$8:$E$177,5,FALSE)) -> #REF! | B99: =if(G99="hand",0,if(G99=G98,0,1.44)) -> 1.44 | C99: =if(H99="","",vlookup(H99,'Actions + Proxy Times'!$A$3:$E$118,5,FALSE)*I99) -> #REF! | D99: =if(C99>0,"",sum(J99:K99)*I99) -> #REF! | E99: =if(C99>0,C99*A99,D99*A99) -> #REF! | G99: Screwdriver: Torx T5 | H99: Unscrew | I99: 4
A100: =if(G100="","",vlookup(G100,Tools!$A$8:$E$177,5,FALSE)) -> #REF! | B100: =if(G100="hand",0,if(G100=G99,0,1.44)) -> 0 | C100: =if(H100="","",vlookup(H100,'Actions + Proxy Times'!$A$3:$E$118,5,FALSE)*I100) -> #REF! | D100: =if(C100>0,"",sum(J100:K100)*I100) -> #REF! | E100: =if(C100>0,C100*A100,D100*A100) -> #REF! | G100: Hand | H100: Grab & remove (or reposition) | I100: 1 | L100: Flip device over
A101: =if(G101="","",vlookup(G101,Tools!$A$8:$E$177,5,FALSE)) -> #REF! | B101: =if(G101="hand",0,if(G101=G100,0,1.44)) -> 1.44 | C101: =if(H101="","",vlookup(H101,'Actions + Proxy Times'!$A$3:$E$118,5,FALSE)*I101) -> #REF! | D101: =if(C101>0,"",sum(J101:K101)*I101) -> #REF! | E101: =if(C101>0,C101*A101,D101*A101) -> #REF! | G101: Combo: Pick + Suction | H101: Unclip / release clip (no adhesive) | I101: 16
A102: =if(G102="","",vlookup(G102,Tools!$A$8:$E$177,5,FALSE)) -> #REF! | B102: =if(G102="hand",0,if(G102=G101,0,1.44)) -> 0 | C102: =if(H102="","",vlookup(H102,'Actions + Proxy Times'!$A$3:$E$118,5,FALSE)*I102) -> #REF! | D102: =if(C102>0,"",sum(J102:K102)*I102) -> #REF! | E102: =if(C102>0,C102*A102,D102*A102) -> #REF! | G102: Hand | H102: Grab & remove (or reposition) | I102: 1 | L102: Close kickstand
A103: =if(G103="","",vlookup(G103,Tools!$A$8:$E$177,5,FALSE)) -> #REF! | B103: =if(G103="hand",0,if(G103=G102,0,1.44)) -> 0 | C103: =if(H103="","",vlookup(H103,'Actions + Proxy Times'!$A$3:$E$118,5,FALSE)*I103) -> #REF! | D103: =if(C103>0,"",sum(J103:K103)*I103) -> #REF! | E103: =if(C103>0,C103*A103,D103*A103) -> #REF! | G103: Hand | H103: Grab & remove (or reposition) | I103: 1 | L103: Lift display and hold (still attached)
A104: =if(G104="","",vlookup(G104,Tools!$A$8:$E$177,5,FALSE)) -> #REF! | B104: =if(G104="hand",0,if(G104=G103,0,1.44)) -> 1.44 | C104: =if(H104="","",vlookup(H104,'Actions + Proxy Times'!$A$3:$E$118,5,FALSE)*I104) -> #REF! | D104: =if(C104>0,"",sum(J104:K104)*I104) -> #REF! | E104: =if(C104>0,C104*A104,D104*A104) -> #REF! | G104: Tweezers | H104: Disconnect – ZIF (unlatch) | I104: 2
A105: =if(G105="","",vlookup(G105,Tools!$A$8:$E$177,5,FALSE)) -> #REF! | B105: =if(G105="hand",0,if(G105=G104,0,1.44)) -> 0 | C105: =if(H105="","",vlookup(H105,'Actions + Proxy Times'!$A$3:$E$118,5,FALSE)*I105) -> #REF! | D105: =if(C105>0,"",sum(J105:K105)*I105) -> #REF! | E105: =if(C105>0,C105*A105,D105*A105) -> #REF! | G105: Tweezers | H105: Disconnect – pop/press connector | I105: 1 | L105: Disconnect battery
A106: =if(G106="","",vlookup(G106,Tools!$A$8:$E$177,5,FALSE)) -> #REF! | B106: =if(G106="hand",0,if(G106=G105,0,1.44)) -> 0 | C106: =if(H106="","",vlookup(H106,'Actions + Proxy Times'!$A$3:$E$118,5,FALSE)*I106) -> #REF! | D106: =if(C106>0,"",sum(J106:K106)*I106) -> #REF! | E106: =if(C106>0,C106*A106,D106*A106) -> #REF! | G106: Tweezers | H106: Disconnect – ZIF (remove cable) | I106: 1 | L106: Disconnect touch panel
A107: =if(G107="","",vlookup(G107,Tools!$A$8:$E$177,5,FALSE)) -> #REF! | B107: =if(G107="hand",0,if(G107=G106,0,1.44)) -> 0 | C107: =if(H107="","",vlookup(H107,'Actions + Proxy Times'!$A$3:$E$118,5,FALSE)*I107) -> #REF! | D107: =if(C107>0,"",sum(J107:K107)*I107) -> #REF! | E107: =if(C107>0,C107*A107,D107*A107) -> #REF! | G107: Tweezers | H107: Deglue – peel sticker/mild adhesive | I107: 1
A108: =if(G108="","",vlookup(G108,Tools!$A$8:$E$177,5,FALSE)) -> #REF! | B108: =if(G108="hand",0,if(G108=G107,0,1.44)) -> 0 | C108: =if(H108="","",vlookup(H108,'Actions + Proxy Times'!$A$3:$E$118,5,FALSE)*I108) -> #REF! | D108: =if(C108>0,"",sum(J108:K108)*I108) -> #REF! | E108: =if(C108>0,C108*A108,D108*A108) -> #REF! | G108: Tweezers | H108: Disconnect – ZIF (unlatch & remove) | I108: 1 | L108: Disconnect display
A109: =if(G109="","",vlookup(G109,Tools!$A$8:$E$177,5,FALSE)) -> #REF! | B109: =if(G109="hand",0,if(G109=G108,0,1.44)) -> 0 | C109: =if(H109="","",vlookup(H109,'Actions + Proxy Times'!$A$3:$E$118,5,FALSE)*I109) -> #REF! | D109: =if(C109>0,"",sum(J109:K109)*I109) -> #REF! | E109: =if(C109>0,C109*A109,D109*A109) -> #REF! | G109: Hand | H109: Remove (or reposition) (after already grabbed) | I109: 1 | L109: Remove display assembly
A110: =if(G110="","",vlookup(G110,Tools!$A$8:$E$177,5,FALSE)) | B110: =if(G110="hand",0,if(G110=G109,0,1.44)) -> 1.44 | C110: =if(H110="","",vlookup(H110,'Actions + Proxy Times'!$A$3:$E$118,5,FALSE)*I110) | D110: =if(C110>0,"",sum(J110:K110)*I110) | E110: =if(C110>0,C110*A110,D110*A110) -> 0
A111: =if(G111="","",vlookup(G111,Tools!$A$8:$E$177,5,FALSE)) | B111: =if(G111="hand",0,if(G111=G110,0,1.44)) -> 0 | C111: =if(H111="","",vlookup(H111,'Actions + Proxy Times'!$A$3:$E$118,5,FALSE)*I111) | D111: =if(C111>0,"",sum(J111:K111)*I111) | E111: =if(C111>0,C111*A111,D111*A111) -> 0
A112: =if(G112="","",vlookup(G112,Tools!$A$8:$E$177,5,FALSE)) | B112: =if(G112="hand",0,if(G112=G111,0,1.44)) -> 0 | C112: =if(H112="","",vlookup(H112,'Actions + Proxy Times'!$A$3:$E$118,5,FALSE)*I112) | D112: =if(C112>0,"",sum(J112:K112)*I112) | E112: =if(C112>0,C112*A112,D112*A112) -> 0
A113: =if(G113="","",vlookup(G113,Tools!$A$8:$E$177,5,FALSE)) | B113: =if(G113="hand",0,if(G113=G112,0,1.44)) -> 0 | C113: =if(H113="","",vlookup(H113,'Actions + Proxy Times'!$A$3:$E$118,5,FALSE)*I113) | D113: =if(C113>0,"",sum(J113:K113)*I113) | E113: =if(C113>0,C113*A113,D113*A113) -> 0
A114: =if(G114="","",vlookup(G114,Tools!$A$8:$E$177,5,FALSE)) | B114: =if(G114="hand",0,if(G114=G113,0,1.44)) -> 0 | C114: =if(H114="","",vlookup(H114,'Actions + Proxy Times'!$A$3:$E$118,5,FALSE)*I114) | D114: =if(C114>0,"",sum(J114:K114)*I114) | E114: =if(C114>0,C114*A114,D114*A114) -> 0
A115: =if(G115="","",vlookup(G115,Tools!$A$8:$E$177,5,FALSE)) | B115: =if(G115="hand",0,if(G115=G114,0,1.44)) -> 0 | C115: =if(H115="","",vlookup(H115,'Actions + Proxy Times'!$A$3:$E$118,5,FALSE)*I115) | D115: =if(C115>0,"",sum(J115:K115)*I115) | E115: =if(C115>0,C115*A115,D115*A115) -> 0
A116: =if(G116="","",vlookup(G116,Tools!$A$8:$E$177,5,FALSE)) | B116: =if(G116="hand",0,if(G116=G115,0,1.44)) -> 0 | C116: =if(H116="","",vlookup(H116,'Actions + Proxy Times'!$A$3:$E$118,5,FALSE)*I116) | D116: =if(C116>0,"",sum(J116:K116)*I116) | E116: =if(C116>0,C116*A116,D116*A116) -> 0
A117: =if(G117="","",vlookup(G117,Tools!$A$8:$E$177,5,FALSE)) | B117: =if(G117="hand",0,if(G117=G116,0,1.44)) -> 0 | C117: =if(H117="","",vlookup(H117,'Actions + Proxy Times'!$A$3:$E$118,5,FALSE)*I117) | D117: =if(C117>0,"",sum(J117:K117)*I117) | E117: =if(C117>0,C117*A117,D117*A117) -> 0
A118: =if(G118="","",vlookup(G118,Tools!$A$8:$E$177,5,FALSE)) | B118: =if(G118="hand",0,if(G118=G117,0,1.44)) -> 0 | C118: =if(H118="","",vlookup(H118,'Actions + Proxy Times'!$A$3:$E$118,5,FALSE)*I118) | D118: =if(C118>0,"",sum(J118:K118)*I118) | E118: =if(C118>0,C118*A118,D118*A118) -> 0
A119: =if(G119="","",vlookup(G119,Tools!$A$8:$E$177,5,FALSE)) | B119: =if(G119="hand",0,if(G119=G118,0,1.44)) -> 0 | C119: =if(H119="","",vlookup(H119,'Actions + Proxy Times'!$A$3:$E$118,5,FALSE)*I119) | D119: =if(C119>0,"",sum(J119:K119)*I119) | E119: =if(C119>0,C119*A119,D119*A119) -> 0
A120: =if(G120="","",vlookup(G120,Tools!$A$8:$E$177,5,FALSE)) | B120: =if(G120="hand",0,if(G120=G119,0,1.44)) -> 0 | C120: =if(H120="","",vlookup(H120,'Actions + Proxy Times'!$A$3:$E$118,5,FALSE)*I120) | D120: =if(C120>0,"",sum(J120:K120)*I120) | E120: =if(C120>0,C120*A120,D120*A120) -> 0
A121: =if(G121="","",vlookup(G121,Tools!$A$8:$E$177,5,FALSE)) | B121: =if(G121="hand",0,if(G121=G120,0,1.44)) -> 0 | C121: =if(H121="","",vlookup(H121,'Actions + Proxy Times'!$A$3:$E$118,5,FALSE)*I121) | D121: =if(C121>0,"",sum(J121:K121)*I121) | E121: =if(C121>0,C121*A121,D121*A121) -> 0
... A147: =if(G147="","",vlookup(G147,Tools!$A$8:$E$177,5,FALSE)) | B147: =if(G147="hand",0,if(G147=G146,0,1.44)) -> 0 | C147: =if(H147="","",vlookup(H147,'Actions + Proxy Times'!$A$3:$E$118,5,FALSE)*I147) | D147: =if(C147>0,"",sum(J147:K147)*I147) | E147: =if(C147>0,C147*A147,D147*A147) -> 0
F148: 9.5a | G148: =if(G96=TRUE,0,if(G95=FALSE,(SUM(B98:B147)+SUM(E98:E147)),999999)) -> #REF! | H148: Scored Component 1 Subtotal
...
